-- MySQL dump 10.13  Distrib 5.7.30, for macos10.14 (x86_64)
--
-- Host: localhost    Database: spring_forum
-- ------------------------------------------------------
-- Server version	5.7.30

/*!40101 SET @OLD_CHARACTER_SET_CLIENT=@@CHARACTER_SET_CLIENT */;
/*!40101 SET @OLD_CHARACTER_SET_RESULTS=@@CHARACTER_SET_RESULTS */;
/*!40101 SET @OLD_COLLATION_CONNECTION=@@COLLATION_CONNECTION */;
/*!40101 SET NAMES utf8 */;
/*!40103 SET @OLD_TIME_ZONE=@@TIME_ZONE */;
/*!40103 SET TIME_ZONE='+00:00' */;
/*!40014 SET @OLD_UNIQUE_CHECKS=@@UNIQUE_CHECKS, UNIQUE_CHECKS=0 */;
/*!40014 SET @OLD_FOREIGN_KEY_CHECKS=@@FOREIGN_KEY_CHECKS, FOREIGN_KEY_CHECKS=0 */;
/*!40101 SET @OLD_SQL_MODE=@@SQL_MODE, SQL_MODE='NO_AUTO_VALUE_ON_ZERO' */;
/*!40111 SET @OLD_SQL_NOTES=@@SQL_NOTES, SQL_NOTES=0 */;

--
-- Table structure for table `m_post`
--

DROP TABLE IF EXISTS `m_post`;
/*!40101 SET @saved_cs_client     = @@character_set_client */;
/*!40101 SET character_set_client = utf8 */;
CREATE TABLE `m_post` (
  `post_id` int(11) NOT NULL AUTO_INCREMENT,
  `post_title` varchar(255) NOT NULL,
  `post_msg` longtext NOT NULL,
  `created_at` timestamp NULL DEFAULT NULL,
  `updated_at` timestamp NULL DEFAULT NULL ON UPDATE CURRENT_TIMESTAMP,
  `post_user_id` varchar(50) NOT NULL,
  `post_user_name` varchar(50) NOT NULL,
  `num_replies` int(11) NOT NULL DEFAULT '0',
  PRIMARY KEY (`post_id`)
) ENGINE=InnoDB AUTO_INCREMENT=75 DEFAULT CHARSET=utf8;
/*!40101 SET character_set_client = @saved_cs_client */;

--
-- Dumping data for table `m_post`
--

LOCK TABLES `m_post` WRITE;
/*!40000 ALTER TABLE `m_post` DISABLE KEYS */;
INSERT INTO `m_post` VALUES (1,'Testxxxxxxxxxxxxxxxxxxxxxxxxxxxx','This is a test.','2020-07-31 09:04:17','2020-09-10 08:57:24','yamada@xxx.co.jp','taro.yamada',0),(2,'Testxxxxxxxxxxxxxxxxxxxxxxxxxxxx','This is a test.','2020-07-31 09:04:19','2020-07-31 09:04:19','yamada@xxx.co.jp','taro.yamada',0),(3,'Testxxxxxxxxxxxxxxxxxxxxxxxxxxxx','This is a test.','2020-07-31 09:04:21','2020-07-31 09:04:21','yamada@xxx.co.jp','taro.yamada',0),(4,'Testxxxxxxxxxxxxxxxxxxxxxxxxxxxx','This is a test.','2020-07-31 09:04:22','2020-07-31 09:04:22','yamada@xxx.co.jp','taro.yamada',0),(5,'Testxxxxxxxxxxxxxxxxxxxxxxxxxxxx','This is a test.','2020-07-31 09:04:22','2020-07-31 09:04:22','yamada@xxx.co.jp','taro.yamada',0),(6,'Testxxxxxxxxxxxxxxxxxxxxxxxxxxxx','This is a test.','2020-07-31 09:04:23','2020-07-31 09:04:23','yamada@xxx.co.jp','taro.yamada',0),(7,'Testxxxxxxxxxxxxxxxxxxxxxxxxxxxx','This is a test.','2020-07-31 09:04:24','2020-07-31 09:04:24','yamada@xxx.co.jp','taro.yamada',0),(8,'Testxxxxxxxxxxxxxxxxxxxxxxxxxxxx','This is a test.','2020-07-31 09:04:25','2020-07-31 09:04:25','yamada@xxx.co.jp','taro.yamada',0),(9,'Testxxxxxxxxxxxxxxxxxxxxxxxxxxxx','This is a test.','2020-07-31 09:04:25','2020-07-31 09:04:25','yamada@xxx.co.jp','taro.yamada',0),(10,'Testxxxxxxxxxxxxxxxxxxxxxxxxxxxx','This is a test.','2020-07-31 09:04:26','2020-07-31 09:04:26','yamada@xxx.co.jp','taro.yamada',0),(11,'Testxxxxxxxxxxxxxxxxxxxxxxxxxxxx','This is a test.','2020-07-31 09:04:27','2020-07-31 09:04:27','yamada@xxx.co.jp','taro.yamada',0),(12,'Testxxxxxxxxxxxxxxxxxxxxxxxxxxxx','This is a test.','2020-07-31 09:04:27','2020-07-31 09:04:27','yamada@xxx.co.jp','taro.yamada',0),(13,'Testxxxxxxxxxxxxxxxxxxxxxxxxxxxx','This is a test.','2020-07-31 09:04:28','2020-07-31 09:04:28','yamada@xxx.co.jp','taro.yamada',0),(14,'Testxxxxxxxxxxxxxxxxxxxxxxxxxxxx','This is a test.','2020-07-31 09:04:29','2020-07-31 09:04:29','yamada@xxx.co.jp','taro.yamada',0),(15,'Testxxxxxxxxxxxxxxxxxxxxxxxxxxxx','This is a test.','2020-07-31 09:04:29','2020-07-31 09:04:29','yamada@xxx.co.jp','taro.yamada',0),(16,'Testxxxxxxxxxxxxxxxxxxxxxxxxxxxx','This is a test.','2020-07-31 09:04:30','2020-07-31 09:04:30','yamada@xxx.co.jp','taro.yamada',0),(17,'Testxxxxxxxxxxxxxxxxxxxxxxxxxxxx','This is a test.','2020-07-31 09:04:31','2020-07-31 09:04:31','yamada@xxx.co.jp','taro.yamada',0),(18,'Testxxxxxxxxxxxxxxxxxxxxxxxxxxxx','This is a test.','2020-07-31 09:04:32','2020-07-31 09:04:32','yamada@xxx.co.jp','taro.yamada',0),(19,'Testxxxxxxxxxxxxxxxxxxxxxxxxxxxx','This is a test.','2020-07-31 09:04:32','2020-07-31 09:04:32','yamada@xxx.co.jp','taro.yamada',0),(20,'Testxxxxxxxxxxxxxxxxxxxxxxxxxxxx','This is a test.','2020-07-31 09:04:33','2020-07-31 09:04:33','yamada@xxx.co.jp','taro.yamada',0),(21,'Testxxxxxxxxxxxxxxxxxxxxxxxxxxxx','This is a test.','2020-07-31 09:04:34','2020-07-31 09:04:34','yamada@xxx.co.jp','taro.yamada',0),(22,'Testxxxxxxxxxxxxxxxxxxxxxxxxxxxx','This is a test.','2020-07-31 09:04:34','2020-07-31 09:04:34','yamada@xxx.co.jp','taro.yamada',0),(23,'Testxxxxxxxxxxxxxxxxxxxxxxxxxxxx','This is a test.','2020-07-31 09:04:35','2020-07-31 09:04:35','yamada@xxx.co.jp','taro.yamada',0),(24,'Testxxxxxxxxxxxxxxxxxxxxxxxxxxxx','This is a test.','2020-07-31 09:04:36','2020-07-31 09:04:36','yamada@xxx.co.jp','taro.yamada',0),(25,'Testxxxxxxxxxxxxxxxxxxxxxxxxxxxx','This is a test.','2020-07-31 09:04:36','2020-07-31 09:04:36','yamada@xxx.co.jp','taro.yamada',0),(26,'Testxxxxxxxxxxxxxxxxxxxxxxxxxxxx','This is a test.','2020-07-31 09:04:37','2020-07-31 09:04:37','yamada@xxx.co.jp','taro.yamada',0),(27,'Testxxxxxxxxxxxxxxxxxxxxxxxxxxxx','This is a test.','2020-07-31 09:04:38','2020-07-31 09:04:38','yamada@xxx.co.jp','taro.yamada',0),(28,'Testxxxxxxxxxxxxxxxxxxxxxxxxxxxx','This is a test.','2020-07-31 09:04:38','2020-07-31 09:04:38','yamada@xxx.co.jp','taro.yamada',0),(29,'Testxxxxxxxxxxxxxxxxxxxxxxxxxxxx','This is a test.','2020-07-31 09:04:40','2020-07-31 09:04:40','yamada@xxx.co.jp','taro.yamada',0),(30,'???','???','2020-08-02 09:37:44','2020-08-04 06:23:46','yamada@xxx.co.jp','taro.yamada',1),(31,'test----------test','test----------test','2020-08-02 09:38:42','2020-08-02 09:38:42','yamada@xxx.co.jp','taro.yamada',0),(32,'???','???','2020-08-02 10:09:43','2020-08-02 10:09:43','yamada@xxx.co.jp','taro.yamada',0),(33,'???','???','2020-08-02 10:11:26','2020-08-02 10:11:26','yamada@xxx.co.jp','taro.yamada',0),(34,'???','???','2020-08-02 10:12:44','2020-08-02 10:12:44','yamada@xxx.co.jp','taro.yamada',0),(35,'???2','???2','2020-08-02 11:13:58','2020-08-02 11:13:58','yamada@xxx.co.jp','taro.yamada',0),(36,'テスト','テスト','2020-08-02 11:23:59','2020-08-02 11:23:59','yamada@xxx.co.jp','taro.yamada',0),(37,'テスト3','テスト3','2020-08-03 02:54:08','2020-08-06 03:30:41','yamada@xxx.co.jp','taro.yamada',2),(38,'spring bootをgradleでビルドしたjarファイルについて','現在、spring bootでwebアプリケーションを作成しております。\r\ngradleのビルドで、Tomcatを内包するfat jar（uber jar）を作成し、\r\nJdk8で起動させていますが、apacheの「htaccess」にあたるファイルは存在するのでしょうか。\r\n\r\nhtaccessの内容を編集し、存在しないURLへの制御したいと思っております。\r\nよろしくお願い致します。','2020-08-03 07:17:22','2020-08-03 07:17:22','sato@xxx.co.jp','佐藤一郎',0),(39,'ブートローダーが書き込めない','Arduino IDEを使って、SonyのSpresenseにブートローダーを書き込むことがどうしてもできません。デバイスも認識されていますが、「マイコンボードにブートローダーを書き込んでいます」と下部に表示され、長い時間が経過した後、「ブートローダーの書き込む中にエラーが発生しました。」というメッセージが表示されます。動作環境は以下の通りです。\r\n　Windows10\r\n　Arduino 1.8.7\r\n\r\n念のため、recoverytoolによるリカバリーも行ってみましたが、「.....」という表示の後、そのまま停止してしまう状況です。製品不具合以外に何か原因が考えられますでしょうか。','2020-08-04 03:01:58','2020-08-04 09:28:51','yamada@xxx.co.jp','taro.yamada',2),(40,'scrollbarを常に表示したい','UIScrollView を使用すると、スクロール時のみ scrollbar(scrollIndicator)が表示されます。\r\nしかし、ユーザにスクロールが可能であることを示すためにも、スクロール時だけでなく常時表示したいと考えています。いろいろ調べてはいるのですが解決方法が見つかりません。そもそも可能かどうかもわかっていません。\r\nご存じの方いらっしゃいましたらよろしくお願いいたします。','2020-08-04 03:52:11','2020-08-04 11:43:39','yamada@xxx.co.jp','taro.yamada',1),(41,'AWSで請求を停止する方法','AWSを無料枠で利用するつもりですが、毎月請求が発生してしまいます。\r\n\r\n今月分（7月分）発生しているものは「Elastic Compute Cloud」の「Amazon Elastic Compute Cloud running Linux/UNIX」の「0.0116 per On Demand Linux t2.micro Instance Hour」です。\r\n\r\n先月（6月分）はこのような請求は発生しておらず、また、7月にAWSに触った記憶はほとんどありません。\r\n（何か原因だとしたら、先月分も75円ほど請求が発生しており、確かその請求を停止するために設定をいじる操作をして逆に今月分の請求が発生した…という可能性だと思われます。）\r\n\r\n「実行中のインスタンス」も「Elastic IP」も削除した状態で、またリージョンの間違いもない状態で今月の請求が発生しているのですが、どうすればこの「0.0116 per On Demand Linux t2.micro Instance Hour」に関する請求を完全に停止できるでしょうか?','2020-08-04 11:40:39','2020-08-04 11:41:31','yamada@xxx.co.jp','taro.yamada',1),(42,'AWSコンソールで誤ってロールを削除した場合の対処方法','AWS管理画面にて誤ってロールを削除してしまい、cloudformationの管理がうまくいかなくなった場合、良い対処方法はないでしょうか。\r\nちなみに新たにロール作成する初期の設定を思だせず、どうすればよいか困っています。\r\n方法あればご教授お願い致します。','2020-08-04 11:45:28','2020-08-04 11:46:05','sato@xxx.co.jp','佐藤一郎',1),(43,'awsのs3は独自ドメインでssl対応できますか?','お名前.comでとっているドメインがあります。\r\nここではexample.comとします。\r\n\r\nawsのs3に画像ファイルを置いて、https://img.example.com/というURLでアクセスできるようにしたいのですが、可能でしょうか。\r\ns3は標準でsslに対応してるとの事なので、ネームサーバーの設定だけでいけるのかなと思っているのですが、やったことがないのでわかりません。\r\n\r\naws側で必要な準備と、それ以外で必要な準備、注意点などを教えていただけると助かります。\r\n\r\nよろしくお願いします。','2020-08-04 11:51:16','2020-08-04 11:52:01','yamada@xxx.co.jp','taro.yamada',1),(44,'Pandasで文字列に対して関数を適用したい','Python3.7です。\r\n\r\ndf[\'cnt\'] = df.x1.count(\'＄\')\r\nとして、x1列（文字列）に出てくる＄の回数を数えた列を作ろうと考えていますが、\r\n\r\nKeyError: \'Requested level (＄) does not match index name (None)\'\r\nとエラーが出てしまいます。\r\nどう対処すればよろしいでしょうか。','2020-08-06 03:27:20','2020-08-06 03:28:57','yamada@xxx.co.jp','taro.yamada',1),(45,'spring bootアプリケーションの起動について','spring bootで作成したアプリケーション（jar）を別のプロジェクトのクラスから起動したいです。\r\n方法を調べましたがわかりません。\r\n参考になるキーワード、サイトなどをご教示ください。\r\nクラスローダーが作成できればいいのかなと思ってます。','2020-08-06 05:17:16','2020-08-06 05:17:27','sato@xxx.co.jp','佐藤一郎',1),(46,'XSSテスト','<script>alert(\"XSS Attack\")</script>','2020-08-06 05:49:21','2020-08-06 05:49:21','sato@xxx.co.jp','佐藤一郎',0),(47,'最初からクラウドプラクティショナーではなく、AWS SAAの資格を勉強しても大丈夫でしょうか？','AWSの資格を取得しようと思っているのですが、最初からAWS SAAの資格を勉強しても大丈夫でしょうか?　　クラウドプラクティショナーから学習した方がいいでしょうか?!\r\nどうぞよろしくお願いいたします。','2020-08-06 11:14:19','2020-08-06 11:15:42','ihanako@gmail.com','hanako.ito',1),(48,'aws のスポットインスタンスは継続時間後必ず削除されるのか？','aws のスポットインスタンスは、あらかじめ継続利用時間を指定できるようですが、この時間を指定した場合、その時間が過ぎれば必ずインスタンスは削除されるのでしょうか。(意図した以上に起動してしまって、その分課金されてしまうことはありませんか？)','2020-08-06 11:18:27','2020-08-06 11:19:55','syoko@yahoo.co.jp','yoko.suzuki',2),(49,'AWSの無料枠について','AWSでアカウントを作成したときの12ヶ月の無料枠についてわからない箇所があったのでお聞きしたいです。\r\n\r\nAWS上でNVIDIAのDIGITSを使用したいと思い検索したところ、NVIDIAがDIGITSを使えるセットを置いていました。\r\nhttps://aws.amazon.com/marketplace/pp/B01LZN28VD\r\n\r\nこれを使おうと思ったのですが、AWSを使用したときの料金として1.インスタンス価格,2.ストレージ価格,3.データ通信量による価格の合計が支払う金額だと認識しております。\r\nAWSのアカウントを作成したときの無料枠は利用が750H以内のときとあったのでインスタンス価格は対象になることは理解できますが、ストレージとデータ通信量による課金は無料枠ではどのように扱われるのでしょうか？\r\n無料枠ではストレージの制限がある？\r\n\r\n自分のそもそもの理解が間違っていたら申し訳ありませんが、よろしくお願いします。','2020-08-06 11:22:24','2020-08-06 11:23:00','syoko@yahoo.co.jp','yoko.suzuki',1),(50,'aws lambda を使用して家のプリンタからプリントアウトする方法','aws lambdaを使って、wifiにつないだ、家のプリンタから文書等をプリントアウトすることは可能でしょうか？\r\nできれば、やり方や調べ方のアドバイスをお願いします。\r\n','2020-08-06 11:24:43','2020-08-06 11:25:14','sato@xxx.co.jp','佐藤一郎',1),(51,'AWS lambdaで外部コマンド実行ができない','1. lambdaファンクション(index.js)と一緒に実行ファイル(youtube-dl)を同梱してzipに圧縮したものをアップロード。\r\n2. lambdaファンクションを実行すると権限が無いと言われる。コードは以下のとおり\r\n\r\nexports.handler = function(event, context) {\r\n  var exec = require(\'child_process\').exec;\r\n  exec(\'./youtube-dl --version\', function (error, stdout, stderr) {\r\n    if(stdout){\r\n      console.log(\'stdout: \' + stdout);\r\n    }\r\n    if(stderr){\r\n      console.log(\'stderr: \' + stderr);\r\n    }\r\n    if (error !== null) {\r\n      console.log(\'Exec error: \' + error);\r\n    }\r\n    context.succeed(stdout);\r\n  });\r\n};\r\n\r\n実行権限を変更したくても書き込み権限が無いようでchmodで変更できません。\r\n書き込み可能な/tmpに実行ファイルをコピーした後\r\n\r\nchmod 755 youtube-dl\r\n\r\nとすると権限が変更できて実行もできますが、不便です。\r\nどうにかファンクションと同じディレクトリで実行することはできませんか？','2020-08-06 11:27:01','2020-08-06 11:28:18','sato@xxx.co.jp','佐藤一郎',1),(52,'AWS LambdaとDjangoでRestfulAPIを作るデメリットについて','AWS LambdaでRestfulAPIを作るベストプラクティクスについてに質問です。\r\n\r\nWebアプリケーションのバックエンドに使用する技術としてLambdaでサーバーレスにしようか検討しています。さらに、開発を効率化するためにDjangoの導入を考えているのですが、ネットで調べたところあまり事例がないようでした。\r\n\r\nそこで以下のことが疑問です。\r\n\r\n・AWS LambdaとDjangoを用いてRestfulAPIを作るのはなんらかのデメリットがあるから事例が少ないのでしょうか？\r\n\r\n・LambdaでRestfulAPIを作成する時に一つのプロジェクトにAPIをまとめるのか、それともマイクロサービスみたいにプロジェクトを別々に分けた方が良いのでしょうか？\r\n\r\nご回答よろしくお願いします。','2020-08-06 11:36:06','2020-08-06 11:36:06','ihanako@gmail.com','hanako.ito',0),(53,'railsアプリでcapistrano deployしても変更内容が反映されない','railsアプリをawsで作成しています。capistranoでdeployできるようにしたのですが\r\nコードを変更しても変更内容が反映されません。unicorn nginxを使っています。\r\nawsサーバ側に入ってコードを確認すると変更されています。\r\n\r\nconfig/unicorn/production.rbはこんな感じ\r\n\r\n  $worker  = 2\r\n  $timeout = 30\r\n  $app_dir = \"/var/www/hoge/current\"\r\n  $listen  = File.expand_path \'tmp/sockets/.unicorn.sock\', $app_dir\r\n  $pid     = File.expand_path \'tmp/pids/unicorn.pid\', $app_dir\r\n  $std_log = File.expand_path \'log/unicorn.log\', $app_dir\r\n\r\n  worker_processes  $worker\r\n  working_directory $app_dir\r\n  stderr_path $std_log\r\n  stdout_path $std_log\r\n  timeout $timeout\r\n  listen  $listen\r\n  pid $pid\r\n\r\n  preload_app true\r\n\r\n  before_fork do |server, worker|\r\n    defined?(ActiveRecord::Base) and ActiveRecord::Base.connection.disconnect!\r\n    old_pid = \"#{server.config[:pid]}.oldbin\"\r\n    if old_pid != server.pid\r\n      begin\r\n        Process.kill \"QUIT\", File.read(old_pid).to_i\r\n      rescue Errno::ENOENT, Errno::ESRCH\r\n      end\r\n    end\r\n  end\r\n  after_fork do |server, worker|\r\n    defined?(ActiveRecord::Base) and ActiveRecord::Base.establish_connection\r\n  end\r\n','2020-08-06 11:40:32','2020-08-06 12:42:59','syoko@yahoo.co.jp','yoko.suzuki',2),(54,'AWS EC2のディスク容量について','AWSのEC2を使用しています。\r\nデバイスタイプ EBS\r\n先ほどディスク使用量が100%になりまして、不要なファイルを削除したのですが100%のままでした。\r\nlsofの確認や再起動など試したのですが空き容量が増えないのですが\r\n何か使用方法が間違っているのでしょうか？\r\n\r\n追記\r\n確認は df -hです。 ディスク総容量は75Gで削除したディレクトリ以下のデータ容量は1.8Gです。 ログははかれていないようです。 TABの入力補間もできないくらいです。 ./-bash: cannot create temp file for here-document: No space left on device\r\n\r\n以下のファイル!?が出来ていたのが気になります。\r\n-rw------- 1 root root 16G Aug 31 05:21 /sys/devices/pci0000:00/0000:00:1e.0/resource1_wc\r\n-rw------- 1 root root 16G Aug 31 05:21 /sys/devices/pci0000:00/0000:00:1e.0/resource1\r\n','2020-08-06 13:19:01','2020-08-06 13:20:07','syoko@yahoo.co.jp','yoko.suzuki',1),(55,'AWS EC2のrootボリュームのディスクパーティションについて','AWS EC2のrootボリュームは、単一のパーティションです。\r\n下記のように構成したいと考えています。\r\n\r\n　1. EBSは、/と/homeの2つ\r\n　2. /は、1つのEBSをLVMで/と/varを２つに分ける\r\n\r\n1の理由は、バックアップです。\r\nEBSのスナップショットでバックアップを作成する際にOS部分の/とユーザデータの/homeを分けて取得したいのでEBSは２つと考えました。\r\n\r\n2は、/varや/homeが原因でdisk fullになった場合を想定しました。\r\ndockerなどで大きなイメージをpullしてdisk fullになったときにdocker rmiもできなくなり、EBSを増やして再起動する必要があったからです。また、バックアップのときに/と/varを一緒に取得できるようにしたいのでEBSで分けることを避けました。\r\n\r\nAWS EC2のrootボリュームのディスクパーティションについて、良い事例やアイデアはありますでしょうか。','2020-08-06 13:22:03','2020-08-06 13:22:03','ihanako@gmail.com','hanako.ito',0),(56,'java でフリーのプロファイラはありますか','java を、 spring-boot + intellij で開発していたところ、 Out of Heap エラーが発生しました。\r\n\r\njava.lang.OutOfMemoryError: Java heap space\r\n\r\nプロファイラで原因を追究しようと思うのですが、フリーで使えるものはありますか？','2020-08-06 16:29:27','2020-09-06 13:38:06','sato@xxx.co.jp','佐藤一郎',2),(57,'SpringでJSPを使わない','SpringとhibernateのDBアクセスの機能を使ってviewから受け取ったselectで始まるSQL文を実行して表示する簡単なwebアプリを作ってみたいと思っていますが今どきjspは使わないと聞きました。\r\nどうやらThymeleafというのを使うようですが具体的にはどうするのでしょうか？\r\n私はSpring bootの知識はなくSpring web MVCの初歩的知識はあります。\r\nform:やspring:タグは使えないと思いますがどのようにアプローチしますか。\r\nSpring MVCは忘れてSpring bootを勉強し直したほうがいいでしょうか？','2020-08-06 16:33:54','2020-08-06 16:33:54','yamada@xxx.co.jp','taro.yamada',0),(58,'gradleにて作成したjarファイルの中のテンプレート参照がうまくいきません。','【バージョン関連】\r\nspringBoot：2.1.0.RELEASE\r\nGradle：4.8.1\r\npoi：3.17\r\njava:8\r\n\r\nspring bootにて、poiを使ったエクセルファイルの取り扱いをしております。\r\nControllerクラスにて、「ExcelBuilder/files/template.xlsx」を参照していますが、\r\njarファイルにて実行するとresource変数がnullとなってしまいます。\r\n\r\nintellijにてアプリケーションを実行すると、問題なく動くのですが、\r\njarファイルにした場合は、何か考慮すべきことがあるのでしょうか。\r\n\r\nよろしくお願い致します。\r\n\r\ntry {\r\n\r\n  Resource resource = resourceLoader.getResource(\"classpath:files/template.xlsx\");\r\n\r\n  mav = new ModelAndView(new ExcelBuilder(resource.getFile()));\r\n\r\n} catch (IOException e) {\r\n  e.getStackTrace();\r\n}\r\nExcelBuilderにFileを渡して、Excel操作しています。','2020-08-06 16:35:05','2020-08-06 16:35:05','yamada@xxx.co.jp','taro.yamada',0),(59,'spring boot + thymeleaf JPAなしデータベースなしでページング機能を実装したいです','こんにちはJAVAの初心者です。\r\n今はspring bootの勉強をしています。\r\n\r\n以下のデータを使ってthymeleafで簡単なページング機能を実装したいです。\r\nインターネット上はJPAを用いてページング機能を実装する例が多くあるますが、\r\n今回はJPAとDB使っていませんので、どのように簡単なページング機能を実装できますでしょうか？\r\nご教示お願い致します。\r\n\r\nspring boot version = 2.0.4\r\nthymeleaf version = 3.0.2\r\njava version = Java8','2020-08-06 16:37:47','2020-08-06 16:37:47','yamada@xxx.co.jp','taro.yamada',0),(60,'Spring BootでのInjectionについて','Springで作成したソースを、Spring Bootで動作させるための作業を行っています。\r\n\r\n下記のようなソースがあった場合、Springではapplication-config.xmlに、\r\n\r\n<beans>\r\n    <bean id=\"testService\" class=\"test.service.impl.TestServiceAImpl\" />\r\n</beans>\r\nと、記述して利用するクラスを決定していましたが、Spring Bootの場合はどのように設定すれば良いのか分かりませんでした。\r\napplication.propertiesに何らかの記述を行うことで、クラスを決定できればと思いますが、どのような記述が必要でしょうか？\r\nよろしくお願いします。\r\n\r\ntest.controller\r\n　　└TestController.java\r\ntest.service\r\n　　└TestService.java (インターフェイス)\r\ntest.service.impl\r\n　　└TestServiceAImpl.java　（TestServiceインターフェイス実装クラスＡ)\r\n　　└TestServiceBImpl.java　（TestServiceインターフェイス実装クラスＢ)\r\n\r\nTestController.java抜粋\r\n\r\n@Autowired\r\nprivate TestService testService;','2020-08-06 16:39:47','2020-08-06 16:39:47','yamada@xxx.co.jp','taro.yamada',0),(61,'Spring boot でMethod not allowedエラー','Spring bootで http://blog.rakugakibox.net/entry/2014/11/23/java_spring_boot_rest を参考にしてRest APIを作成しています。下記コントローラに対して、curlを使ってPOSTリクエストを送るとMethod now allowedエラーが出てしまいます。\r\n\r\nコントローラ\r\n\r\npackage controllers;\r\n\r\nimport java.util.ArrayList;\r\nimport java.util.List;\r\n\r\nimport org.springframework.http.HttpHeaders;\r\nimport org.springframework.http.HttpStatus;\r\nimport org.springframework.http.ResponseEntity;\r\nimport org.springframework.web.bind.annotation.ModelAttribute;\r\nimport org.springframework.web.bind.annotation.PathVariable;\r\nimport org.springframework.web.bind.annotation.RequestMapping;\r\nimport org.springframework.web.bind.annotation.RequestMethod;\r\nimport org.springframework.web.bind.annotation.RestController;\r\nimport org.springframework.web.util.UriComponentsBuilder;\r\n\r\nimport models.HogeData;\r\n\r\n@RestController\r\n@RequestMapping(\"/hoges\")\r\npublic class HogeController {\r\n    private static List<HogeData> store = new ArrayList<HogeData>();\r\n\r\n    @RequestMapping(method = RequestMethod.POST)\r\n    public ResponseEntity<HogeData> post(@ModelAttribute HogeData hogeData, UriComponentsBuilder builder){\r\n        store.add(hogeData);\r\n        HttpHeaders headers = new HttpHeaders();\r\n        headers.setLocation(builder.path(\"/hoges/{id}\").buildAndExpand(store.size()).toUri());\r\n        return new ResponseEntity<>(hogeData, headers, HttpStatus.CREATED);\r\n    }\r\n\r\n    @RequestMapping(method = RequestMethod.GET)\r\n    public List<HogeData> getter(){\r\n        return store;\r\n    }\r\n\r\n    @RequestMapping(value = \"{id}\", method = RequestMethod.GET)\r\n\r\ncurl\r\n\r\ncurl -i -H \"Accept: application/json\"        -d \"integer=1\"        -d \"string=aaa\"        -d \"strings=AAA1\" -d \"strings=AAA2\" -d \"strings=AAA3\"        http://localhost:8080/hoges\r\n\r\nレスポンス\r\n\r\nHTTP/1.1 405 Method Not Allowed\r\nServer: Apache-Coyote/1.1\r\nAllow: HEAD, GET\r\nContent-Type: application/json;charset=UTF-8\r\nTransfer-Encoding: chunked\r\nDate: Mon, 26 Oct 2015 00:13:44 GMT\r\n\r\n{\"timestamp\":1445818424033,\"status\":405,\"error\":\"Method Not Allowed\",\"exception\":\"org.springframework.web.HttpRequestMethodNotSupportedException\",\"message\":\"Request method \'POST\' not supported\",\"path\":\"/hoges\"}\r\n\r\n\r\n\r\n実行環境\r\nOS: Mac OS X El Captan\r\nビルド: Gradleでgradle bootRunを実行\r\n\r\nコントローラでPOSTリクエストに対するメソッドは定義しているのでできるはずですがなぜかできません。なぜだかわかりますか。','2020-08-06 16:43:21','2020-08-06 16:43:21','yamada@xxx.co.jp','taro.yamada',0),(62,'Spring boot アプリケーションでAndroidのブラウザからAndroidアプリを立ち上げたい','AndroidアプリからブラウザでローカルPCのSpring bootアプリを開いて、そのSpring bootのアプリから再びAndroidアプリに戻ってくるという実装をしています。\r\n\r\nそこで下記のようにAndroid Manifestにintent-filterを記述し\r\n\r\nAndroid-Manifest\r\n\r\n<activity\r\n    android:name=\".presentation.SigninActivity\"\r\n    android:label=\"@string/title_activity_signin\"\r\n    android:theme=\"@style/AppTheme.NoActionBar\" >\r\n    <intent-filter>\r\n        <action android:name=\"android.intent.action.VIEW\" />\r\n        <category android:name=\"ANDROID.INTENT.CATEGORY.DEFAULT\" />\r\n        <category android:name=\"ANDROID.INTENT.CATEGORY.BROWSABLE\" />\r\n        <data android:host=\"callback\"\r\n              android:path=\"/param\"\r\n              android:scheme=\"myapp\" />\r\n    </intent-filter>\r\n</activity>\r\nSpring側(@Controller内)で下記のようにリダイレクトします。実際はmyappではなく別の名前です。\r\n\r\nSpring bootリダイレクト部分\r\n\r\nreturn \"redirect:myapp://callback/param?hoge=aaa&huga=bbb\";\r\nしかし、AndroidのブラウザのSpring boot上で下記エラーによりAndroidアプリに戻って来られません。\r\n\r\nエラー\r\n\r\nnet::ERR_UNKNOWN_URL_SCHEME\r\nおそらくSpring bootの問題かと考えられましたがどのようにリダイレクトさせればAndroidアプリに戻ることができるのでしょうか。\r\n\r\n実行環境\r\n\r\nAndroid:\r\nGenymotion(Android 5.0 Custom Phone)','2020-08-06 16:44:22','2020-08-06 16:44:22','yamada@xxx.co.jp','taro.yamada',0),(63,'Java & Spring boot2 でValidationMessages.propertiesにアクセスする際、message.getMessage(…)と{}の違いは？','タイトル通りですが例えばデフォルトのバリデーション用メッセージファイルであるValidationMessages.propertiesにjava(Spring boot)からアクセスする際下記のように書くと思います。\r\n※上記ファイルにはapp.validation.NotNull = 必須項目と書いてあったとします。\r\n\r\n@NotNull(message = {\"app.validation.NotNull\"})\r\n\r\nこれでアクセス出来て居るはずですが引数を渡す場合どうすればいいでしょうか？\r\n\r\n例えばapp.validation.NotNull = {0}となっている場合{0}の部分に引数を渡せますよね？\r\nここに渡す場合は{\"\"}形式では駄目なのでしょうか？\r\nそもそも基本的な事ですがValidationMessages.propertiesと普通のメッセージファイルであるmessages.propertiesにアクセスするには同じDIしたMessageSource型のオブジェクトを使うという認識でよろしいでしょうか？','2020-08-06 16:45:13','2020-08-06 16:45:13','yamada@xxx.co.jp','taro.yamada',0),(64,'Spring Boot アプリケーションをライブラリ化する方法','Spring Boot でコマンドラインアプリケーションを作っていたのですが、急きょ、アプリではなくライブラリにしなければならなくなりました。\r\n\r\n開発環境：Eclipse、Windows7\r\n開発言語：Java\r\nフレームワーク：Spring Boot\r\n\r\n※以下、xxxxx.jarというのが私が作成したもの。\r\n\r\n現在の起動方法\r\n起動用batファイルでjavaコマンドを実施(java -cp xxxxx.jar xxx.xxx.MainClass)\r\nxxxxx.jar起動\r\n変更後の起動方法\r\n既存アプリケーションに当該ライブラリの情報を設定（対象ファイル、クラス、メソッド）\r\n既存アプリケーションは当該ライブラリをロードして、設定されたクラスとメソッドを実行\r\nSpringフレームワークの機能を利用しつつ、このように移行することはできないでしょうか。\r\n今現在、メインクラスのmainメソッドを削除し、executeというメソッドを作成して既存アプリに登録していますが、以下のエラーでうまく起動できていません。\r\n\r\nFailed to process import candidates for configuration class [xxx.xxx.MainClass]; nested exception is java.lang.IllegalArgumentException: No auto configuration classes found in META-INF/spring.factories. If you are using a custom packaging, make sure that file is correct.\r\nフレームワークを利用してアプリを作る為の情報は山ほどありますが、フレームワークを利用してライブラリ（mainメソッドが無い）を作る方法はないのでしょうか。\r\nその様なことは一般的にできないのでしょうか。','2020-08-06 16:47:09','2020-08-06 16:47:09','yamada@xxx.co.jp','taro.yamada',0),(65,'Javaにおけるnew T()相当','Javaのコマンドラインアプリケーションを作っているのですが、どうしてもnew T()相当を実装したいのですが、回避策はないでしょうか。\r\n\r\n親クラス\r\n\r\npublic abstract class AbstractCommandLineRunner<T extends AbstractCommandLineOption> implements CommandLineRunner {\r\n\r\n    protected abstract int execute(T option);\r\n\r\n    protected abstract T newOptionInstance();\r\n\r\n    public void run(String... args) {\r\n        // ここで本当はT option = new T()として、newOptionInstance()を排除したい\r\n        T option = newOptionInstance();\r\n        new CmdLineParser(option).parseArgument(args);\r\n    }\r\n}\r\nサブクラス\r\n\r\npublic class HogeRunner extends AbstractCommandLine<HogeOption> {\r\n    // このメソッドの実装を省略したい...\r\n    @Override\r\n    protected HogeOption newOptionInstance() {\r\n        return new HogeOption();\r\n    }\r\n\r\n    @Override\r\n    protected int execute(HogeOption option) {\r\n        // blah blah\r\n    }\r\n}\r\nコマンドが増えるたびに下記の手順で、実装するというアーキテクチャにしたいのですが、\r\n\r\n・AbstractCommandLineOptionを継承してコマンド引数を格納するオブジェクトを用意\r\n・AbstractCommandLineRunnerを継承してexecuteメソッドに処理を実装\r\nCmdLineParserライブラリの都合上、オプションのインスタンスが必要なため、newOptionInstance()というabstractメソッドを定義しています。できればこれを排除して親クラスでインスタンスを作りたいのですが、Javaにおいては困難でしょうか。\r\n\r\n・開発言語：Java\r\n・開発環境：Eclipse\r\n・フレームワーク：Spring Boot','2020-08-06 16:49:19','2020-08-11 13:59:14','yamada@xxx.co.jp','taro.yamada',1),(66,'Spring Boot 起動するとユーザ名とパスワードを求められる','Spring Bootを勉強しようと始めたのですが、\r\n「Springスタータプロジェクト」を作成して、実行した後、ブラウザからアクセスするとログイン認証が来てしまいます。ユーザ名とパスワードが分からず先に進めません。\r\n\r\n現象\r\n「サーバlocalhostがユーザ名とパスワードを要求しています。サーバの報告によると、これはXDBからの要求です。」\r\nこのメッセージが出て、ユーザ名とパスワードを求められてしまいます。127.0.0.1でも同じです。\r\n\r\n環境\r\nspring-tool-suite-3.9.8\r\nJava 11\r\nWindows10\r\nMicrosoft Edge\r\n\r\n実行\r\nプロジェクトの実行で「SpringBootアプリケーション」で実行\r\nURL:localhost:8080/\r\n\r\njava spring-boot tomcat','2020-08-06 16:52:31','2020-08-31 10:52:53','yamada@xxx.co.jp','taro.yamada',1),(67,'Ajaxの連続リクエストをJavaで防ぐ方法','Ajaxの連続リクエストをJavaで防ぐ方法について質問させて頂きます。\r\n\r\nまず、Ajaxの処理はデータの更新を行います。\r\n\r\n現状、画面側ではAjax実行ボタンに対して、javascriptでボタン押下～Ajax処理終了までボタンを非活性にしていますが、javascriptは開発者ツール等で簡単に書き換えられてしまうので、java側でも連続リクエストに対する制御を入れたいと考えております。\r\n\r\nそこで、セッションに処理中フラグを持たせ制御する方法を考えたのですが、セッション書き換えやセッションのフラグチェック時に生じるわずかなタイミングで、完全に制御することは難しいそうに感じました。\r\n\r\n// フラグが生成されていない場合\r\nif(session.getAttr() == null){\r\n  ↓\r\n  この間に別の保存処理が実行されると可能性がある\r\n  ↓\r\n  session.setAttr(フラグ生成)\r\n\r\n  保存処理実行\r\n\r\n// フラグが生成されている場合\r\n}else{\r\n\r\n  保存処理をスキップ\r\n}\r\n制御方法の分かる方がいましたら、ご教授をお願い致します。\r\n\r\n因みに、Java8のSpring bootを使用しています。','2020-08-06 16:54:18','2020-08-06 16:54:18','yamada@xxx.co.jp','taro.yamada',0),(68,'JavaアプリケーションにおいてOS環境変数のデフォルト値を設定する方法','既存のサードパーティライブラリでOS環境変数（System.getenv()で取得できる値）を使用しているロジックがあります。\r\nしかし、当該ライブラリを使用したEclipseプロジェクトをセットアップする度に デバッグの構成 > 環境 で変数を追加するのが（１つずつ変数を追加しなければいけない為）面倒です。\r\n\r\n環境変数のデフォルト値を設定する手段などはないでしょうか。\r\n開発環境：Eclipse\r\n開発言語：Java\r\nフレームワーク：Spring Boot\r\n\r\napplication.properties に設定することで実現できないかと推測したのですが、うまくできていません。\r\nなにか情報をお持ちの方はご教示頂けると幸いです。','2020-08-06 16:55:12','2020-08-06 16:55:12','yamada@xxx.co.jp','taro.yamada',0),(69,'Spring Bootを2.3.0にバージョンアップしたら、 Unresolved reference: validation が出る','Spring Bootを2.3.0にバージョンアップしたら\r\n\r\nimport javax.validation.Valid\r\nとしていた箇所で、Unresolved reference: validation が出ました。\r\n他にも、似たような箇所で、 Unresolved reference: NotBlank やUnresolved reference: Size 等が出ました。\r\nどうすればよいのでしょうか？','2020-08-06 16:56:52','2020-08-27 15:13:35','yamada@xxx.co.jp','taro.yamada',1),(70,'数値チェックでNumberUtilsを使用したいが取り消し線が表示される。','数値チェックで「org.apache.commons.lang.NumberUtils」を使いたいためにpom.xmlに下記を追記し、JavaファイルにNumberUtils.isNumberを記載するとEclipse上で取り消し線が引かれて「使用すべきではありません。 」と表示されます。なぜでしょうか。\r\nFrameworkは「spring boot」を使用しています。Javaのバージョンは1.8です。\r\n\r\ncommons-lang\r\ncommons-lang\r\n2.6\r\nString a = \"aaa\";\r\nboolean hantei = NumberUtils.isNumber(a);','2020-08-06 16:58:20','2020-08-06 16:58:20','yamada@xxx.co.jp','taro.yamada',0),(71,'Windows Server 2012 R2でPIAを使用するには？テスト6','お世話になっております。\r\n\r\n今回、Windows Server 2012 R2にOffice 2007をインストールし、PIA for office2007をインストールしようとしたら、出来ませんでした。\r\n\r\nPIA for office2007はWindows Server 2012をサポートしていないのかもしれません。\r\n\r\nWindows Server 2012 R2で使用するには、どのバージョンのOffice、どのバージョンのPIAを用いればよいのでしょうか？\r\n\r\n宜しくお願い致します。\r\n\r\nテスト3','2020-08-31 04:04:29','2020-08-31 10:20:16','yamada@xxx.co.jp','taro.yamada',0),(72,'GitHubソースコードのライセンスについて','ポートフォリオのソースコードをGithubで公開しています。\r\n\r\nポートフォリオであるため、READMEに改変や再配布の禁止を明示しておきたいのですが、\r\n調べてもそのようなライセンス表記を見つけられなかったため質問した次第です。\r\n\r\n最低限、プライベートな利用の範囲に制限しておきたいと思っています。\r\n\r\n表記しても改変や再配布されるリスクは当然ありますが、それは非公開にするしかないと思うので、\r\nあくまで公開している上で利用の制限を明示するライセンス表記を知りたく思います。\r\n\r\nそもそもGitHubのリポジトリを公開している時点でそのように明示することがGithub的に禁止されているのであれば教えて下さい。\r\n\r\nよろしくお願い致します。\r\n\r\n(更新テスト)','2020-09-10 06:20:15','2020-09-10 06:26:19','yamada@xxx.co.jp','taro.yamada',1),(73,'Spresenseから音を出す方法について','Spresenseにスピーカーを接続し音を出す方法について\r\n\r\nSpresense拡張ボードのJP8とJP9にスピーカーを接続し音を再生させたいです。\r\n\r\narduino-SDK環境で、実施を考えていますが、拡張ボードのJP8とJP9から\r\nスピーカーから音を再生させるにはどのようにすればよろしいでしょうか？\r\n\r\nテスト','2020-09-10 09:01:34','2020-09-10 09:05:19','yamada@xxx.co.jp','taro.yamada',1),(74,'atom-beautifyで整形ができない','atom-beautifyで以下のようなエラーがでて整形できません。\r\n\r\nTraceback (most recent call last): File \"/usr/local/bin/sqlformat\", line 11, in load_entry_point(\'sqlparse==0.3.1\', \'console_scripts\', \'sqlformat\')() File \"/Library/Python/2.7/site-packages/sqlparse-0.3.1-py2.7.egg/sqlparse/cli.py\", line 198, in main stream.write(s) UnicodeEncodeError: \'ascii\' codec can\'t encode characters in position 374-375: ordinal not in range(128)\r\n\r\n解決方法を教えてください。\r\n\r\nテスト','2020-09-10 12:11:22','2020-09-10 12:14:03','yamada@xxx.co.jp','taro.yamada',1);
/*!40000 ALTER TABLE `m_post` ENABLE KEYS */;
UNLOCK TABLES;

--
-- Table structure for table `m_reply`
--

DROP TABLE IF EXISTS `m_reply`;
/*!40101 SET @saved_cs_client     = @@character_set_client */;
/*!40101 SET character_set_client = utf8 */;
CREATE TABLE `m_reply` (
  `reply_id` int(11) NOT NULL AUTO_INCREMENT,
  `reply_msg` longtext NOT NULL,
  `created_at` timestamp NULL DEFAULT NULL,
  `reply_user_id` varchar(50) NOT NULL,
  `reply_user_name` varchar(50) NOT NULL,
  `post_id` int(11) NOT NULL,
  `updated_at` timestamp NULL DEFAULT NULL ON UPDATE CURRENT_TIMESTAMP,
  PRIMARY KEY (`reply_id`)
) ENGINE=InnoDB AUTO_INCREMENT=31 DEFAULT CHARSET=utf8;
/*!40101 SET character_set_client = @saved_cs_client */;

--
-- Dumping data for table `m_reply`
--

LOCK TABLES `m_reply` WRITE;
/*!40000 ALTER TABLE `m_reply` DISABLE KEYS */;
INSERT INTO `m_reply` VALUES (4,'ソニーのSPRESENSEサポート担当です。\r\n\r\nご不便をお掛けして、誠に申し訳ございません。\r\n\r\nお手数ですが、症状などを添えてお買い上げいただいた販売店にお問い合わせいただけるでしょうか。どうぞ、よろしくお願いいたします。','2020-08-04 09:27:51','sato@xxx.co.jp','佐藤一郎',39,'2020-08-31 07:51:02'),(5,'返信ありがとうございます。\r\n了解いたしました。','2020-08-04 09:28:51','yamada@xxx.co.jp','taro.yamada',39,'2020-08-31 07:51:02'),(6,'私も同じことがありました。触る記憶がなかったが、請求が発生した。\r\nもしかして、EBSのご利用料金でしょうか。\r\n\r\n私の場合、請求を停止させるため、アカウントを削除しました。','2020-08-04 11:41:31','yamada@xxx.co.jp','taro.yamada',41,'2020-08-31 07:51:02'),(7,'簡単な方法はありません。標準でスクロールインジケータを常に表示するような設定は用意されていません。\r\n\r\n画面がスクロールできることを示す標準で提供されている方法として、flashScrollIndicators()をスクロールビューが表示された際に呼び出す、というものがあります。\r\n\r\nこのメソッドを呼ぶことでスクロールインジケータが少しの間表示されます。スクロールビューが表示された際にこのメソッドを呼んでスクロールインジケータを見せることで画面がスクロール可能であることを知らせます。\r\n\r\nhttps://developer.apple.com/documentation/uikit/uiscrollview/1619435-flashscrollindicators\r\n\r\nどうしてもスクロールインジケータを常に表示したままにしておきたい場合、２つの方法があります。\r\n\r\n１つは標準のスクロールインジケータを使わずに自分で実装したものを表示することです。\r\n\r\nスクロールビューの全体のスクロールエリアの高さとスクロール位置からインジケータの位置と長さを計算してスクロールビューの上に表示すればいいだけなのでそれほど実装は難しくありません。\r\n\r\nもう一つの方法は標準で表示されるスクロールインジケータもビューの一種なので、スクロールビューのサブビューを辿ってインジケータのビューを取得して、消えないようにビューのプロパティを変更する、という方法です。\r\n\r\nどちらも標準の方法から外れているのでオススメはしませんが、手段としてはこのようになると思います。','2020-08-04 11:43:39','sato@xxx.co.jp','佐藤一郎',40,'2020-08-31 07:51:02'),(8,'復元する方法はないでしょう。\r\n\r\n誤って消さないように権限を適切に制御するか、ロールも含めてCloudFormationで作成することです。','2020-08-04 11:46:05','yamada@xxx.co.jp','taro.yamada',42,'2020-08-31 07:51:02'),(9,'残念ながらS3ではできないですね。\r\n\r\nS3の手前にCloudFrontを利用してはどうでしょうか？CloudFrontは独自ドメイン名の証明書を割り当てる仕組みもあります。\r\n\r\nこの場合の注意点は、CloudFrontのデフォルトキャッシュ期間は24時間のため、そのままですと24時間以内の変更が反映されない場合が出てきます。S3に保管したファイルにキャッシュヘッダを指定すればCloudFrontがキャッシュする時間も指定することができます。\r\n\r\n補足として\r\nCloudFrontのSSLは、「専用 IP 独自 SSL」の場合 月額 600USドル 掛かります。\r\n「SNI 独自 SSL」の場合は、別途費用は掛かりませんが、古いブラウザはサポートしていません。','2020-08-04 11:52:01','sato@xxx.co.jp','佐藤一郎',43,'2020-08-31 07:51:02'),(10,'テストテスト','2020-08-05 16:07:26','yamada@xxx.co.jp','taro.yamada',37,'2020-08-31 07:51:02'),(11,'手元の環境(Python 3.6.1, pandas 0.24.2)では下記のコードで動作しました。\r\nx1列のデータをstrにしてからcountを呼び出しています。\r\n\r\nimport pandas as pd\r\n\r\ndf = pd.DataFrame([\'＄\', \'＄＄\', \'$\', \'＄ド＄ル＄\'], columns=[\'x1\'])\r\nprint(df.x1.str.count(\'＄\'))\r\n# print(df.x1.count(\'＄\'))  # KeyError: \'Level ＄ must be same as name (None)\'\r\n質問文のコードを実行するとエラーが発生しますが、エラー内容が異なっています。\r\n質問文と同様のエラーが出た時の本家SOの回答ではpandas関連モジュールを更新することで解決すると書かれています。','2020-08-06 03:28:57','yamada@xxx.co.jp','taro.yamada',44,'2020-08-31 07:51:02'),(12,'<テスト>\r\nテスト;','2020-08-06 03:30:41','yamada@xxx.co.jp','taro.yamada',37,'2020-08-31 07:51:02'),(13,'comandlinerunerクラスでできることがわかりました。','2020-08-06 05:17:27','sato@xxx.co.jp','佐藤一郎',45,'2020-08-31 07:51:02'),(14,'資格取得と学習とが混同されていますが、どちらが目的でしょうか？\r\n\r\n念のため、AWSではロールベースのパスを定義しています。\r\n\r\nクラウドプラクティショナー\r\nAWS クラウドを使用して仕事をしている技術、管理、営業、購買、財務などを担当している方に有用です。\r\nアーキテクト\r\nソリューションアーキテクト、ソリューション設計エンジニア、および AWS でのアプリケーション設計やシステム設計を学びたいすべての人を対象としています。\r\nとロールとしては別であり、資格取得としても前段に受けるべきものというわけではなさそうです。\r\n\r\nまたアーキテクトを見るとわかりますが、SAA資格試験の前段に\r\n\r\nAWS Technical Essentials\r\nArchitecting on AWS\r\nの研修が用意されています。学習が目的であればArchitecting on AWSを受講され、その前提知識として必要となるAWSの基礎知識を学びたいのであれば、AWS Technical Essentialsの受講を検討されたらいいかと思います。','2020-08-06 11:15:42','syoko@yahoo.co.jp','yoko.suzuki',47,'2020-08-31 07:51:02'),(15,'継続期間の指定をしたスポットインスタンスの料金は、指定した継続期間によって決まります。\r\n時間経過後にインスタンスが残ったとしても、料金に加算されることはありません。','2020-08-06 11:19:16','sato@xxx.co.jp','佐藤一郎',48,'2020-08-31 07:51:02'),(16,'@Fumu7 さんに共有されたリンクを見ていました。マニュアルを見る限り、以下が条件のように読めました。本当にこれで正しいかどうかはちょっとわかっていませんが。。\r\n\r\nスポットインスタンスはあらかじめ継続時間を指定して起動することができる。この継続時間を指定すると、最大でもその時間だけインスタンスは実行されることになり、それ以上実行されることはない。なので、予定金額以上請求されることはない。\r\n継続時間指定とは、一定時間のインスタンスの確保を求めるものであり、その分単位時間あたりの値段は、継続時間が長ければ長いほど釣り上がる。\r\nそもそも AWS の値段は１時間単位(切り上げ)で課金される\r\nインスタンスは継続時間が経過するか、ユーザーが自分で Terminate するかどちらか早い方のタイミングで破棄される。','2020-08-06 11:19:55','yamada@xxx.co.jp','taro.yamada',48,'2020-08-31 07:51:02'),(17,'AWS EC2は機能に応じて様々なインスタンスタイプが用意されています。GPUを使えるインスタンスタイプはP2及びG2となっています。一方、無料枠で利用可能なのはGPUの使えないt2.microだけです。\r\nというわけで無理です。','2020-08-06 11:23:00','sato@xxx.co.jp','佐藤一郎',49,'2020-08-31 07:51:02'),(18,'https://blog.cles.jp/item/10886\r\nこれを試してみることにしました。\r\nraspyを使用して、lambdaで引っ張ろうと思います','2020-08-06 11:25:14','sato@xxx.co.jp','佐藤一郎',50,'2020-08-31 07:51:02'),(19,'(コメント転記)\r\n\r\n自己解決しました。 zipに圧縮する前にunixマシン等でパーミッションを設定しておけば実行できました。','2020-08-06 11:28:18','sato@xxx.co.jp','佐藤一郎',51,'2020-08-31 07:51:02'),(20,'1. 各種変数をログに出力して想定した値になっているか確認する\r\n2. before_fork 内に適当なデバッグ文を挿入して、処理がどこに分岐しているか確認する\r\n3. 例外を握りつぶしている箇所があるため、適当なメッセージが出力されるように修正する','2020-08-06 11:41:42','sato@xxx.co.jp','佐藤一郎',53,'2020-08-31 07:51:02'),(21,'log/unicorn.logに以下ログが出ていました。\r\n\r\n\r\n   /home/hoge/.rbenv/versions/2.2.4/lib/ruby/gems/2.2.0/gems/bundler-1.13.3/lib/bundler/definition.rb:31:in `build\': /var/www/hoge/releases/20161017131031/Gemfile not found (Bundler::GemfileNotFound)\r\n\r\n\r\n20161017131031ディレクトリが無かったのでコピーして作ったら動くようになりました。\r\nなぜないディレクトリが指定されてたのかはわかりませんが(^^;;','2020-08-06 12:42:59','syoko@yahoo.co.jp','yoko.suzuki',53,'2020-08-31 07:51:02'),(22,'一般論的ですが、\r\n\r\n・空いた容量を他のプロセスが食い潰していませんか？\r\n　　・ログ、ファイル生成など\r\n・容量の大きいファイルを確認しましたか？\r\n　　・sudo find / -type f -size +100M -exec ls -lha {} \\; 2>/dev/null で100MB以上のファイルを一覧できます','2020-08-06 13:20:07','yamada@xxx.co.jp','taro.yamada',54,'2020-08-31 07:51:02'),(23,'Eclipse(STS)を使っているのであれば、MATがいいと思いますが、IntelliJだとVisualVM LauncherとかJVM Debugger Memory Viewでしょうか。','2020-08-06 16:30:13','yamada@xxx.co.jp','taro.yamada',56,'2020-08-31 07:51:02'),(24,'> どうしてもnew T()相当を実装したいのですが、回避策はないでしょうか。\r\n\r\nJava言語のジェネリクスでは、型パラメータTから直接インスタンス化することができません。（Java言語仕様で禁止されています）\r\n\r\nアドホックな回避策としては、本家StackOverflow Create instance of generic type in Java? の回答群が参考になると思います。\r\n\r\nフレームワーク側でよくある対処としては、ParameterizedTypeを利用したリフレクション(reflection)方式で、サブクラスの型パラメータを取得できます。実際にこの方式が望ましいか否かは状況に応じて判断ください。','2020-08-11 13:59:14','sato@xxx.co.jp','佐藤一郎',65,'2020-08-31 07:51:02'),(25,'spring-boot-starter-validation への依存関係を自分で示す必要があります。\r\n\r\n私の場合は、build.gradle.ktsを使っているので、 build.gradle.kts に下記を追加で動きました。\r\n\r\nimplementation(\"org.springframework.boot:spring-boot-starter-validation\")\r\n\r\nテスト2','2020-08-27 15:13:35','ihanako@gmail.com','hanako.ito',69,'2020-08-31 08:58:41'),(26,'XDBということは、そのマシンにOracle DBをインストールしていませんか？おそらく、Oracle DBと同時に入るアプリケーションサーバーが8080番ポートで既に起動していて、ログインを要求しているのではないかと思います。Spring Bootはポート競合で起動していないかもしれませんね。なので、Oracleを停止してから、Spring Bootを起動してみて下さい。','2020-08-31 10:52:53','ihanako@gmail.com','hanako.ito',66,'2020-08-31 10:52:53'),(27,'テスト','2020-09-06 13:38:06','yamada@xxx.co.jp','taro.yamada',56,'2020-09-06 13:38:06'),(28,'研究用ライセンスなどで商用利用禁止など用途を限定している例はあります。\r\nhttps://github.com/search?l=Text&q=non-commercial+purpose&type=Code\r\n\r\nGitHubによるライセンス解説サイトでは、ライセンス指定無しの場合にそういったGitHub上でのフォークと表示以外は合法的にコピー、配布、変更ができない可能性があるとしています。つまり非推奨ながら禁止されてもいないようです。\r\nhttps://choosealicense.com/no-permission/\r\n\r\n(更新テスト)','2020-09-10 06:22:49','sato@xxx.co.jp','佐藤一郎',72,'2020-09-10 06:25:15'),(29,'公式の方法ではないですが、手軽にやるには R15,R16,R17,R18 をショートしてしまうという手が使えますよ。すでにやられている方がいるので参考にされてみるといいかも知れません。\r\n\r\nSpresenseでLチカから始める (28) ハイレゾの再生V1.1.2\r\nhttps://www.denshi.club/cookbook/arduino/spresense/spresensel-7-v112.html\r\n\r\nテスト','2020-09-10 09:03:14','sato@xxx.co.jp','佐藤一郎',73,'2020-09-10 09:04:33'),(30,'anacondaやpyenvをすべてアンインストールして、venvにしてjupyter labを触るようにしていたのですが、その兼ね合いで、macからpython3がアンインストールされていたか何かで、python2.7をatomが読み込んでいたみたいですね\r\n\r\nhttps://teratail.com/questions/97050#reply-150290\r\n\r\nここに記載がある\r\n\r\nprocess.env.PYTHONIOENCODING = \"utf-8\";\r\n\r\nこちらでひとまず解決しました。','2020-09-10 12:14:03','yamada@xxx.co.jp','taro.yamada',74,'2020-09-10 12:14:55');
/*!40000 ALTER TABLE `m_reply` ENABLE KEYS */;
UNLOCK TABLES;

--
-- Table structure for table `m_user`
--

DROP TABLE IF EXISTS `m_user`;
/*!40101 SET @saved_cs_client     = @@character_set_client */;
/*!40101 SET character_set_client = utf8 */;
CREATE TABLE `m_user` (
  `user_id` varchar(50) NOT NULL,
  `password` varchar(100) NOT NULL,
  `user_name` varchar(50) NOT NULL,
  `role` varchar(50) NOT NULL,
  PRIMARY KEY (`user_id`)
) ENGINE=InnoDB DEFAULT CHARSET=utf8;
/*!40101 SET character_set_client = @saved_cs_client */;

--
-- Dumping data for table `m_user`
--

LOCK TABLES `m_user` WRITE;
/*!40000 ALTER TABLE `m_user` DISABLE KEYS */;
INSERT INTO `m_user` VALUES ('ihanako@gmail.com','$2a$10$slu6lhGeA8FeZbSz23pZTO6gHywy3QCNTgZ2on2OLsb0QzJj1lG5i','hanako.ito','ROLE_GENERAL'),('jiro@xxx.com','$2a$10$a8GAZsPP.F.5a2Ez3x.VjuVMIFLJmpd8XZcq8U3TFEb9Z8E4BhsCC','田中二郎','ROLE_GENERAL'),('sato@xxx.co.jp','$2a$10$xRTXvpMWly0oGiu65WZlm.3YL95LGVV2ASFjDhe6WF4.Qji1huIPa','佐藤一郎','ROLE_GENERAL'),('syoko@yahoo.co.jp','$2a$10$7OG.rklN71hWp7hCmwRtV.RLE.Y7mZuQb5qU8wwY.zCEtQPQK9l6.','yoko.suzuki','ROLE_GENERAL'),('testuser1@test.com','$2a$10$owGDavrtSlEsuxx7O6RbmuXrcVUCq0PDFTOQuNqz0nlo7ByfQdfn.','Test User 1','ROLE_GENERAL'),('yamada@xxx.co.jp','$2a$10$GrTwcsWMyI5ww5ltrq/Qv.6n4NlbsupmlB4dNvg0yZU0Z1Y/QjiVC','taro.yamada','ROLE_ADMIN');
/*!40000 ALTER TABLE `m_user` ENABLE KEYS */;
UNLOCK TABLES;
/*!40103 SET TIME_ZONE=@OLD_TIME_ZONE */;

/*!40101 SET SQL_MODE=@OLD_SQL_MODE */;
/*!40014 SET FOREIGN_KEY_CHECKS=@OLD_FOREIGN_KEY_CHECKS */;
/*!40014 SET UNIQUE_CHECKS=@OLD_UNIQUE_CHECKS */;
/*!40101 SET CHARACTER_SET_CLIENT=@OLD_CHARACTER_SET_CLIENT */;
/*!40101 SET CHARACTER_SET_RESULTS=@OLD_CHARACTER_SET_RESULTS */;
/*!40101 SET COLLATION_CONNECTION=@OLD_COLLATION_CONNECTION */;
/*!40111 SET SQL_NOTES=@OLD_SQL_NOTES */;

-- Dump completed on 2020-09-10 21:18:11
